Id,Predicted
0,sadness
1,joy
2,sadness
3,sadness
4,sadness
5,sadness
6,neutral
7,sadness
8,anger
9,neutral
10,sadness
11,sadness
12,neutral
13,sadness
14,sadness
15,sadness
16,joy
17,sadness
18,sadness
19,sadness
20,sadness
21,sadness
22,sadness
23,sadness
24,sadness
25,sadness
26,sadness
27,sadness
28,sadness
29,sadness
30,sadness
31,sadness
32,sadness
33,sadness
34,sadness
35,neutral
36,anger
37,sadness
38,sadness
39,sadness
40,sadness
41,neutral
42,joy
43,sadness
44,neutral
45,sadness
46,neutral
47,sadness
48,joy
49,sadness
50,sadness
51,neutral
52,sadness
53,sadness
54,sadness
55,sadness
56,sadness
57,sadness
58,neutral
59,sadness
60,sadness
61,sadness
62,sadness
63,sadness
64,sadness
65,sadness
66,sadness
67,sadness
68,sadness
69,sadness
70,sadness
71,anger
72,sadness
73,sadness
74,sadness
75,sadness
76,sadness
77,sadness
78,neutral
79,sadness
80,sadness
81,joy
82,sadness
83,sadness
84,sadness
85,neutral
86,sadness
87,sadness
88,sadness
89,sadness
90,anger
91,sadness
92,sadness
93,sadness
94,sadness
95,sadness
96,sadness
97,sadness
98,sadness
99,anger
100,sadness
101,neutral
102,sadness
103,sadness
104,sadness
105,neutral
106,sadness
107,sadness
108,sadness
109,sadness
110,sadness
111,anger
112,anger
113,sadness
114,sadness
115,sadness
116,sadness
117,sadness
118,sadness
119,neutral
120,sadness
121,anger
122,sadness
123,anger
124,neutral
125,sadness
126,joy
127,sadness
128,neutral
129,sadness
130,sadness
131,neutral
132,sadness
133,joy
134,anger
135,sadness
136,sadness
137,sadness
138,sadness
139,neutral
140,neutral
141,sadness
142,sadness
143,sadness
144,sadness
145,sadness
146,sadness
147,sadness
148,sadness
149,joy
150,sadness
151,sadness
152,anger
153,sadness
154,sadness
155,sadness
156,sadness
157,anger
158,sadness
159,fear
160,joy
161,sadness
162,sadness
163,sadness
164,anger
165,sadness
166,neutral
167,sadness
168,sadness
169,sadness
170,sadness
171,sadness
172,neutral
173,sadness
174,sadness
175,sadness
176,sadness
177,sadness
178,sadness
179,sadness
180,sadness
181,sadness
182,neutral
183,sadness
184,neutral
185,sadness
186,sadness
187,neutral
188,sadness
189,joy
190,joy
191,sadness
192,surprise
193,sadness
194,sadness
195,sadness
196,neutral
197,sadness
198,sadness
199,sadness
200,sadness
201,sadness
202,sadness
203,sadness
204,sadness
205,sadness
206,neutral
207,sadness
208,sadness
209,disgust
210,sadness
211,sadness
212,sadness
213,sadness
214,sadness
215,sadness
216,neutral
217,sadness
218,sadness
219,sadness
220,sadness
221,sadness
222,sadness
223,joy
224,joy
225,sadness
226,joy
227,sadness
228,sadness
229,sadness
230,anger
231,sadness
232,sadness
233,neutral
234,sadness
235,sadness
236,sadness
237,neutral
238,joy
239,sadness
240,sadness
241,sadness
242,sadness
243,sadness
244,sadness
245,neutral
246,sadness
247,sadness
248,joy
249,sadness
250,sadness
251,sadness
252,sadness
253,sadness
254,sadness
255,sadness
256,sadness
257,sadness
258,sadness
259,sadness
260,sadness
261,anger
262,sadness
263,sadness
264,sadness
265,sadness
266,sadness
267,sadness
268,sadness
269,sadness
270,sadness
271,sadness
272,sadness
273,sadness
274,sadness
275,sadness
276,sadness
277,surprise
278,sadness
279,surprise
280,sadness
281,sadness
282,sadness
283,sadness
284,sadness
285,sadness
286,sadness
287,sadness
288,surprise
289,anger
290,sadness
291,sadness
292,sadness
293,sadness
294,neutral
295,sadness
296,sadness
297,neutral
298,sadness
299,neutral
300,joy
301,anger
302,sadness
303,sadness
304,sadness
305,joy
306,sadness
307,sadness
308,sadness
309,sadness
310,sadness
311,surprise
312,fear
313,sadness
314,neutral
315,sadness
316,neutral
317,sadness
318,sadness
319,anger
320,sadness
321,sadness
322,sadness
323,sadness
324,sadness
325,disgust
326,sadness
327,sadness
328,neutral
329,sadness
330,fear
331,sadness
332,joy
333,sadness
334,sadness
335,sadness
336,joy
337,sadness
338,sadness
339,sadness
340,anger
341,sadness
342,sadness
343,sadness
344,sadness
345,sadness
346,sadness
347,sadness
348,sadness
349,sadness
350,joy
351,sadness
352,sadness
353,sadness
354,sadness
355,sadness
356,sadness
357,sadness
358,neutral
359,sadness
360,sadness
361,neutral
362,sadness
363,sadness
364,neutral
365,anger
366,sadness
367,sadness
368,sadness
369,sadness
370,sadness
371,anger
372,anger
373,sadness
374,neutral
375,sadness
376,sadness
377,anger
378,sadness
379,sadness
380,sadness
381,sadness
382,anger
383,joy
384,anger
385,sadness
386,sadness
387,sadness
388,sadness
389,sadness
390,sadness
391,sadness
392,joy
393,anger
394,sadness
395,sadness
396,sadness
397,sadness
398,sadness
399,joy
400,joy
401,surprise
402,sadness
403,sadness
404,sadness
405,sadness
406,sadness
407,sadness
408,sadness
409,neutral
410,disgust
411,sadness
412,sadness
413,sadness
414,sadness
415,sadness
416,joy
417,joy
418,sadness
419,sadness
420,sadness
421,sadness
422,sadness
423,sadness
424,sadness
425,sadness
426,sadness
427,sadness
428,sadness
429,sadness
430,sadness
431,sadness
432,neutral
433,sadness
434,sadness
435,sadness
436,sadness
437,sadness
438,sadness
439,sadness
440,sadness
441,sadness
442,sadness
443,anger
444,sadness
445,anger
446,sadness
447,sadness
448,sadness
449,sadness
450,sadness
451,disgust
452,sadness
453,sadness
454,sadness
455,sadness
456,neutral
457,anger
458,neutral
459,sadness
460,sadness
461,sadness
462,sadness
463,sadness
464,sadness
465,neutral
466,sadness
467,sadness
468,sadness
469,sadness
470,sadness
471,sadness
472,sadness
473,sadness
474,sadness
475,sadness
476,sadness
477,joy
478,sadness
479,sadness
480,joy
481,sadness
482,sadness
483,disgust
484,sadness
485,sadness
486,anger
487,sadness
488,non-neutral
489,anger
490,sadness
491,sadness
492,sadness
493,fear
494,sadness
495,sadness
496,sadness
497,sadness
498,fear
499,neutral
500,sadness
501,anger
502,anger
503,sadness
504,sadness
505,sadness
506,joy
507,anger
508,sadness
509,sadness
510,sadness
511,sadness
512,sadness
513,sadness
514,joy
515,sadness
516,sadness
517,sadness
518,sadness
519,sadness
520,sadness
521,sadness
522,sadness
523,sadness
524,anger
525,sadness
526,sadness
527,sadness
528,sadness
529,sadness
530,sadness
531,neutral
532,sadness
533,sadness
534,sadness
535,sadness
536,neutral
537,sadness
538,joy
539,sadness
540,anger
541,anger
542,fear
543,neutral
544,sadness
545,sadness
546,sadness
547,neutral
548,neutral
549,neutral
550,sadness
551,neutral
552,surprise
553,sadness
554,anger
555,joy
556,sadness
557,sadness
558,neutral
559,sadness
560,sadness
561,sadness
562,sadness
563,sadness
564,neutral
565,sadness
566,neutral
567,sadness
568,sadness
569,sadness
570,sadness
571,neutral
572,sadness
573,sadness
574,sadness
575,sadness
576,sadness
577,sadness
578,sadness
579,sadness
580,sadness
581,sadness
582,sadness
583,sadness
584,sadness
585,sadness
586,joy
587,sadness
588,anger
589,sadness
590,sadness
591,sadness
592,sadness
593,sadness
594,neutral
595,sadness
596,joy
597,sadness
598,neutral
599,sadness
600,neutral
601,sadness
602,sadness
603,sadness
604,neutral
605,sadness
606,sadness
607,sadness
608,sadness
609,sadness
610,sadness
611,joy
612,anger
613,sadness
614,joy
615,joy
616,sadness
617,neutral
618,sadness
619,anger
620,sadness
621,sadness
622,sadness
623,sadness
624,sadness
625,anger
626,sadness
627,sadness
628,sadness
629,sadness
630,sadness
631,sadness
632,neutral
633,neutral
634,sadness
635,neutral
636,sadness
637,sadness
638,neutral
639,sadness
640,sadness
641,sadness
642,sadness
643,anger
644,sadness
645,sadness
646,neutral
647,sadness
648,sadness
649,sadness
650,anger
651,sadness
652,sadness
653,sadness
654,sadness
655,surprise
656,sadness
657,sadness
658,sadness
659,sadness
660,neutral
661,sadness
662,sadness
663,sadness
664,joy
665,joy
666,sadness
667,sadness
668,sadness
669,neutral
670,sadness
671,sadness
672,sadness
673,joy
674,anger
675,disgust
676,sadness
677,sadness
678,fear
679,sadness
680,sadness
681,sadness
682,joy
683,sadness
684,sadness
685,sadness
686,sadness
687,sadness
688,anger
689,neutral
690,sadness
691,sadness
692,disgust
693,sadness
694,neutral
695,sadness
696,sadness
697,sadness
698,sadness
699,anger
700,sadness
701,sadness
702,sadness
703,sadness
704,sadness
705,sadness
706,sadness
707,sadness
708,sadness
709,neutral
710,sadness
711,sadness
712,sadness
713,sadness
714,sadness
715,joy
716,sadness
717,sadness
718,sadness
719,sadness
720,sadness
721,sadness
722,sadness
723,neutral
724,sadness
725,sadness
726,sadness
727,sadness
728,neutral
729,sadness
730,sadness
731,sadness
732,sadness
733,sadness
734,surprise
735,sadness
736,sadness
737,sadness
738,sadness
739,sadness
740,sadness
741,sadness
742,sadness
743,sadness
744,sadness
745,sadness
746,sadness
747,sadness
748,neutral
749,joy
750,sadness
751,disgust
752,sadness
753,sadness
754,joy
755,sadness
756,sadness
757,disgust
758,sadness
759,sadness
760,sadness
761,sadness
762,sadness
763,sadness
764,sadness
765,sadness
766,neutral
767,sadness
768,sadness
769,fear
770,sadness
771,anger
772,neutral
773,sadness
774,sadness
775,sadness
776,sadness
777,joy
778,sadness
779,sadness
780,sadness
781,sadness
782,sadness
783,sadness
784,sadness
785,sadness
786,sadness
787,sadness
788,sadness
789,sadness
790,sadness
791,sadness
792,sadness
793,joy
794,sadness
795,sadness
796,neutral
797,sadness
798,sadness
799,neutral
800,sadness
801,sadness
802,joy
803,neutral
804,surprise
805,sadness
806,sadness
807,sadness
808,joy
809,surprise
810,sadness
811,sadness
812,sadness
813,sadness
814,neutral
815,anger
816,neutral
817,sadness
818,neutral
819,sadness
820,sadness
821,joy
822,anger
823,sadness
824,neutral
825,sadness
826,sadness
827,sadness
828,sadness
829,sadness
830,sadness
831,neutral
832,sadness
833,sadness
834,sadness
835,sadness
836,neutral
837,joy
838,anger
839,sadness
840,sadness
841,sadness
842,sadness
843,sadness
844,sadness
845,sadness
846,sadness
847,sadness
848,sadness
849,sadness
850,sadness
851,sadness
852,neutral
853,sadness
854,sadness
855,sadness
856,neutral
857,sadness
858,sadness
859,anger
860,sadness
861,sadness
862,neutral
863,joy
864,sadness
865,sadness
866,sadness
867,sadness
868,sadness
869,sadness
870,sadness
871,sadness
872,sadness
873,sadness
874,sadness
875,sadness
876,sadness
877,sadness
878,sadness
879,sadness
880,neutral
881,sadness
882,sadness
883,sadness
884,sadness
885,sadness
886,sadness
887,neutral
888,sadness
889,sadness
890,joy
891,sadness
892,sadness
893,sadness
894,sadness
895,sadness
896,anger
897,sadness
898,sadness
899,fear
900,neutral
901,sadness
902,sadness
903,sadness
904,sadness
905,sadness
906,sadness
907,sadness
908,sadness
909,sadness
910,sadness
911,sadness
912,anger
913,sadness
914,sadness
915,sadness
916,sadness
917,sadness
918,sadness
919,sadness
920,sadness
921,sadness
922,sadness
923,joy
924,sadness
925,sadness
926,sadness
927,sadness
928,neutral
929,sadness
930,sadness
931,neutral
932,sadness
933,sadness
934,sadness
935,sadness
936,sadness
937,sadness
938,disgust
939,joy
940,sadness
941,joy
942,sadness
943,sadness
944,sadness
945,sadness
946,sadness
947,sadness
948,sadness
949,sadness
950,sadness
951,sadness
952,sadness
953,sadness
954,sadness
955,sadness
956,sadness
957,sadness
958,sadness
959,sadness
960,neutral
961,sadness
962,sadness
963,sadness
964,sadness
965,anger
966,sadness
967,sadness
968,sadness
969,sadness
970,sadness
971,fear
972,neutral
973,sadness
974,sadness
975,anger
976,sadness
977,joy
978,sadness
979,sadness
980,anger
981,joy
982,sadness
983,sadness
984,sadness
985,neutral
986,sadness
987,neutral
988,sadness
989,sadness
990,sadness
991,sadness
992,sadness
993,sadness
994,sadness
995,sadness
996,sadness
997,sadness
998,sadness
999,neutral
1000,sadness
1001,sadness
1002,sadness
1003,sadness
1004,sadness
1005,sadness
1006,neutral
1007,sadness
1008,sadness
1009,sadness
1010,sadness
1011,sadness
1012,sadness
1013,sadness
1014,sadness
1015,sadness
1016,sadness
1017,sadness
1018,sadness
1019,sadness
1020,sadness
1021,sadness
1022,sadness
1023,sadness
1024,anger
1025,sadness
1026,sadness
1027,sadness
1028,sadness
1029,sadness
1030,sadness
1031,sadness
1032,sadness
1033,sadness
1034,sadness
1035,sadness
1036,sadness
1037,sadness
1038,sadness
1039,sadness
1040,sadness
1041,sadness
1042,joy
1043,sadness
1044,sadness
1045,disgust
1046,sadness
1047,surprise
1048,neutral
1049,sadness
1050,sadness
1051,sadness
1052,neutral
1053,sadness
1054,sadness
1055,sadness
1056,neutral
1057,neutral
1058,sadness
1059,anger
1060,sadness
1061,sadness
1062,sadness
1063,sadness
1064,joy
1065,sadness
1066,sadness
1067,sadness
1068,sadness
1069,sadness
1070,sadness
1071,neutral
1072,sadness
1073,sadness
1074,sadness
1075,joy
1076,sadness
1077,neutral
1078,joy
1079,sadness
1080,joy
1081,sadness
1082,sadness
1083,sadness
1084,sadness
1085,sadness
1086,sadness
1087,anger
1088,joy
1089,sadness
1090,sadness
1091,sadness
1092,sadness
1093,sadness
1094,sadness
1095,sadness
1096,sadness
1097,sadness
1098,sadness
1099,sadness
1100,joy
1101,sadness
1102,sadness
1103,sadness
1104,sadness
1105,sadness
1106,sadness
1107,sadness
1108,sadness
1109,sadness
1110,sadness
1111,joy
1112,sadness
1113,sadness
1114,sadness
1115,neutral
1116,joy
1117,neutral
1118,sadness
1119,sadness
1120,sadness
1121,sadness
1122,sadness
1123,sadness
1124,neutral
1125,sadness
1126,sadness
1127,sadness
1128,neutral
1129,sadness
1130,fear
1131,sadness
1132,joy
1133,neutral
1134,sadness
1135,neutral
1136,sadness
1137,sadness
1138,anger
1139,sadness
1140,sadness
1141,sadness
1142,sadness
1143,sadness
1144,sadness
1145,sadness
1146,sadness
1147,sadness
1148,surprise
1149,sadness
1150,neutral
1151,sadness
1152,neutral
1153,neutral
1154,fear
1155,sadness
1156,neutral
1157,sadness
1158,sadness
1159,sadness
1160,sadness
1161,sadness
1162,anger
1163,anger
1164,sadness
1165,neutral
1166,joy
1167,sadness
1168,sadness
1169,neutral
1170,sadness
1171,sadness
1172,sadness
1173,sadness
1174,sadness
1175,neutral
1176,sadness
1177,sadness
1178,sadness
1179,sadness
1180,anger
1181,sadness
1182,anger
1183,sadness
1184,sadness
1185,sadness
1186,sadness
1187,sadness
1188,sadness
1189,sadness
1190,sadness
1191,neutral
1192,surprise
1193,sadness
1194,sadness
1195,sadness
1196,joy
1197,joy
1198,sadness
1199,sadness
1200,sadness
1201,sadness
1202,sadness
1203,sadness
1204,sadness
1205,joy
1206,sadness
1207,sadness
1208,neutral
1209,sadness
1210,sadness
1211,sadness
1212,sadness
1213,sadness
1214,sadness
1215,sadness
1216,sadness
1217,sadness
1218,anger
1219,sadness
1220,sadness
1221,sadness
1222,sadness
1223,sadness
1224,sadness
1225,sadness
1226,sadness
1227,sadness
1228,sadness
1229,neutral
1230,neutral
1231,sadness
1232,sadness
1233,joy
1234,sadness
1235,neutral
1236,sadness
1237,sadness
1238,sadness
1239,sadness
1240,sadness
1241,anger
1242,joy
1243,sadness
1244,sadness
1245,sadness
1246,sadness
1247,sadness
1248,sadness
1249,sadness
1250,sadness
1251,sadness
1252,sadness
1253,anger
1254,sadness
1255,anger
1256,sadness
1257,sadness
1258,sadness
1259,sadness
1260,sadness
1261,sadness
1262,sadness
1263,anger
1264,sadness
1265,joy
1266,sadness
1267,sadness
1268,sadness
1269,sadness
1270,sadness
1271,sadness
1272,neutral
1273,sadness
1274,sadness
1275,sadness
1276,fear
1277,sadness
1278,sadness
1279,sadness
1280,neutral
1281,sadness
1282,anger
1283,sadness
1284,sadness
1285,neutral
1286,sadness
1287,sadness
1288,joy
1289,sadness
1290,sadness
1291,anger
1292,sadness
1293,sadness
1294,sadness
1295,sadness
1296,sadness
1297,sadness
1298,sadness
1299,sadness
1300,sadness
1301,sadness
1302,sadness
1303,sadness
1304,anger
1305,sadness
1306,sadness
1307,sadness
1308,sadness
1309,sadness
1310,joy
1311,sadness
1312,fear
1313,sadness
1314,sadness
1315,sadness
1316,sadness
1317,sadness
1318,sadness
1319,sadness
1320,sadness
1321,neutral
1322,sadness
1323,sadness
1324,neutral
1325,sadness
1326,sadness
1327,joy
1328,sadness
1329,sadness
1330,sadness
1331,sadness
1332,sadness
1333,sadness
1334,sadness
1335,sadness
1336,sadness
1337,anger
1338,sadness
1339,sadness
1340,sadness
1341,disgust
1342,sadness
1343,sadness
1344,joy
1345,sadness
1346,sadness
1347,neutral
1348,sadness
1349,sadness
1350,neutral
1351,sadness
1352,sadness
1353,anger
1354,neutral
1355,fear
1356,sadness
1357,sadness
1358,joy
1359,sadness
1360,sadness
1361,sadness
1362,neutral
1363,sadness
1364,neutral
1365,neutral
1366,sadness
1367,sadness
1368,sadness
1369,anger
1370,sadness
1371,sadness
1372,sadness
1373,sadness
1374,sadness
1375,sadness
1376,sadness
1377,sadness
1378,sadness
1379,sadness
1380,sadness
1381,joy
1382,sadness
1383,sadness
1384,joy
1385,sadness
1386,sadness
1387,anger
1388,sadness
1389,sadness
1390,sadness
1391,sadness
1392,anger
1393,joy
1394,sadness
1395,neutral
1396,sadness
1397,neutral
1398,sadness
1399,sadness
1400,sadness
1401,sadness
1402,sadness
1403,sadness
1404,sadness
1405,sadness
1406,sadness
1407,sadness
1408,sadness
1409,joy
1410,anger
1411,sadness
1412,sadness
1413,sadness
1414,sadness
1415,sadness
1416,sadness
1417,sadness
1418,sadness
1419,sadness
1420,sadness
1421,anger
1422,anger
1423,sadness
1424,sadness
1425,neutral
1426,sadness
1427,sadness
1428,neutral
1429,sadness
1430,neutral
1431,sadness
1432,sadness
1433,neutral
1434,sadness
1435,sadness
1436,sadness
1437,sadness
1438,sadness
1439,sadness
1440,sadness
1441,sadness
1442,sadness
1443,sadness
1444,neutral
1445,sadness
1446,sadness
1447,sadness
1448,joy
1449,fear
1450,anger
1451,sadness
1452,sadness
1453,joy
1454,sadness
1455,sadness
1456,disgust
1457,sadness
1458,sadness
1459,sadness
1460,neutral
1461,surprise
1462,sadness
1463,sadness
1464,sadness
1465,sadness
1466,sadness
1467,joy
1468,sadness
1469,neutral
1470,sadness
1471,neutral
1472,sadness
1473,sadness
1474,sadness
1475,anger
1476,sadness
1477,sadness
1478,sadness
1479,neutral
1480,sadness
1481,sadness
1482,sadness
1483,anger
1484,joy
1485,sadness
1486,sadness
1487,neutral
1488,sadness
1489,sadness
1490,joy
1491,sadness
1492,sadness
1493,surprise
1494,sadness
1495,neutral
1496,sadness
1497,anger
1498,neutral
1499,sadness
1500,neutral
1501,sadness
1502,sadness
1503,sadness
1504,sadness
1505,anger
1506,sadness
1507,sadness
1508,sadness
1509,sadness
1510,neutral
1511,sadness
1512,sadness
1513,sadness
1514,anger
1515,sadness
1516,sadness
1517,sadness
1518,sadness
1519,sadness
1520,sadness
1521,joy
1522,neutral
1523,joy
1524,sadness
1525,sadness
1526,sadness
1527,sadness
1528,sadness
1529,sadness
1530,sadness
1531,fear
1532,sadness
1533,sadness
1534,neutral
1535,anger
1536,sadness
1537,sadness
1538,sadness
1539,neutral
1540,disgust
1541,sadness
1542,sadness
1543,sadness
1544,sadness
1545,sadness
1546,sadness
1547,sadness
1548,joy
1549,sadness
1550,sadness
1551,anger
1552,anger
1553,sadness
1554,sadness
1555,sadness
1556,sadness
1557,sadness
1558,sadness
1559,joy
1560,sadness
1561,sadness
1562,neutral
1563,sadness
1564,neutral
1565,sadness
1566,sadness
1567,sadness
1568,joy
1569,anger
1570,sadness
1571,sadness
1572,disgust
1573,sadness
1574,sadness
1575,sadness
1576,neutral
1577,sadness
1578,sadness
1579,sadness
1580,sadness
1581,sadness
1582,sadness
1583,sadness
1584,sadness
1585,sadness
1586,sadness
1587,sadness
1588,sadness
1589,joy
1590,sadness
1591,sadness
1592,neutral
1593,neutral
1594,sadness
1595,sadness
1596,sadness
1597,sadness
1598,sadness
1599,joy
1600,sadness
1601,sadness
1602,fear
1603,sadness
1604,sadness
1605,sadness
1606,sadness
1607,neutral
1608,sadness
1609,sadness
1610,sadness
1611,sadness
1612,sadness
1613,sadness
1614,sadness
1615,sadness
1616,sadness
1617,anger
1618,sadness
1619,sadness
1620,sadness
1621,sadness
1622,sadness
1623,sadness
1624,sadness
1625,neutral
1626,anger
1627,sadness
1628,joy
1629,sadness
1630,sadness
1631,sadness
1632,sadness
1633,sadness
1634,sadness
1635,fear
1636,fear
1637,sadness
1638,sadness
1639,anger
1640,sadness
1641,neutral
1642,sadness
1643,sadness
1644,sadness
1645,sadness
1646,neutral
1647,sadness
1648,sadness
1649,sadness
1650,sadness
1651,anger
1652,joy
1653,joy
1654,sadness
1655,anger
1656,joy
1657,sadness
1658,sadness
1659,sadness
1660,sadness
1661,sadness
1662,sadness
1663,sadness
1664,joy
1665,sadness
1666,sadness
1667,sadness
1668,sadness
1669,sadness
1670,sadness
1671,sadness
1672,sadness
1673,sadness
1674,sadness
1675,sadness
1676,sadness
1677,fear
1678,sadness
1679,sadness
1680,sadness
1681,sadness
1682,neutral
1683,joy
1684,anger
1685,sadness
1686,neutral
1687,sadness
1688,anger
1689,joy
1690,sadness
1691,sadness
1692,anger
1693,anger
1694,sadness
1695,sadness
1696,neutral
1697,sadness
1698,sadness
1699,sadness
1700,sadness
1701,sadness
1702,sadness
1703,sadness
1704,sadness
1705,sadness
1706,sadness
1707,sadness
1708,neutral
1709,sadness
1710,sadness
1711,sadness
1712,sadness
1713,joy
1714,sadness
1715,sadness
1716,sadness
1717,sadness
1718,sadness
1719,sadness
1720,fear
1721,fear
1722,sadness
1723,fear
1724,anger
1725,sadness
1726,sadness
1727,sadness
1728,sadness
1729,sadness
1730,sadness
1731,sadness
1732,sadness
1733,sadness
1734,sadness
1735,sadness
1736,anger
1737,sadness
1738,sadness
1739,anger
1740,sadness
1741,sadness
1742,sadness
1743,anger
1744,sadness
1745,neutral
1746,joy
1747,sadness
1748,sadness
1749,joy
1750,sadness
1751,sadness
1752,sadness
1753,fear
1754,sadness
1755,sadness
1756,sadness
1757,sadness
1758,sadness
1759,sadness
1760,sadness
1761,sadness
1762,sadness
1763,sadness
1764,sadness
1765,sadness
1766,sadness
1767,sadness
1768,sadness
1769,neutral
1770,sadness
1771,sadness
1772,sadness
1773,sadness
1774,sadness
1775,sadness
1776,sadness
1777,sadness
1778,neutral
1779,sadness
1780,sadness
1781,sadness
1782,sadness
1783,neutral
1784,sadness
1785,sadness
1786,fear
1787,sadness
1788,joy
1789,sadness
1790,joy
1791,sadness
1792,neutral
1793,surprise
1794,sadness
1795,sadness
1796,sadness
1797,sadness
1798,sadness
1799,sadness
1800,sadness
1801,sadness
1802,sadness
1803,sadness
1804,sadness
1805,sadness
1806,sadness
1807,sadness
1808,sadness
1809,sadness
1810,sadness
1811,anger
1812,fear
1813,anger
1814,sadness
1815,sadness
1816,joy
1817,sadness
1818,sadness
1819,sadness
1820,sadness
1821,joy
1822,sadness
1823,sadness
1824,sadness
1825,sadness
1826,neutral
1827,sadness
1828,sadness
1829,neutral
1830,sadness
1831,sadness
1832,neutral
1833,sadness
1834,sadness
1835,sadness
1836,anger
1837,sadness
1838,sadness
1839,sadness
1840,sadness
1841,anger
1842,sadness
1843,neutral
1844,sadness
1845,sadness
1846,sadness
1847,sadness
1848,sadness
1849,anger
1850,sadness
1851,sadness
1852,sadness
1853,sadness
1854,neutral
1855,sadness
1856,anger
1857,anger
1858,sadness
1859,sadness
1860,neutral
1861,sadness
1862,sadness
1863,sadness
1864,neutral
1865,sadness
1866,sadness
1867,sadness
1868,sadness
1869,sadness
1870,neutral
1871,sadness
1872,sadness
1873,sadness
1874,sadness
1875,sadness
1876,neutral
1877,sadness
1878,sadness
1879,sadness
1880,sadness
1881,anger
1882,sadness
1883,sadness
1884,sadness
1885,anger
1886,sadness
1887,sadness
1888,neutral
1889,sadness
1890,sadness
1891,sadness
1892,sadness
1893,anger
1894,sadness
1895,joy
1896,sadness
1897,sadness
1898,sadness
1899,sadness
1900,sadness
1901,anger
1902,sadness
1903,sadness
1904,sadness
1905,anger
1906,sadness
1907,sadness
1908,anger
1909,sadness
1910,sadness
1911,sadness
1912,neutral
1913,sadness
1914,neutral
1915,sadness
1916,neutral
1917,sadness
1918,sadness
1919,sadness
1920,sadness
1921,anger
1922,sadness
1923,sadness
1924,sadness
1925,sadness
1926,sadness
1927,sadness
1928,sadness
1929,anger
1930,sadness
1931,anger
1932,anger
1933,joy
1934,sadness
1935,sadness
1936,sadness
1937,sadness
1938,sadness
1939,surprise
1940,sadness
1941,neutral
1942,sadness
1943,sadness
1944,neutral
1945,sadness
1946,sadness
1947,sadness
1948,sadness
1949,sadness
1950,sadness
1951,sadness
1952,sadness
1953,sadness
1954,sadness
1955,sadness
1956,sadness
1957,sadness
1958,sadness
1959,joy
1960,joy
1961,sadness
1962,neutral
1963,sadness
1964,neutral
1965,sadness
1966,sadness
1967,sadness
1968,sadness
1969,sadness
1970,sadness
1971,sadness
1972,sadness
1973,disgust
1974,sadness
1975,neutral
1976,sadness
1977,anger
1978,neutral
1979,sadness
1980,sadness
1981,sadness
1982,sadness
1983,neutral
1984,sadness
1985,sadness
1986,joy
1987,sadness
1988,sadness
1989,sadness
1990,sadness
1991,sadness
1992,sadness
1993,sadness
1994,sadness
1995,neutral
1996,sadness
1997,sadness
1998,sadness
1999,sadness
2000,sadness
2001,sadness
2002,sadness
2003,sadness
2004,sadness
2005,sadness
2006,sadness
2007,sadness
2008,sadness
2009,sadness
2010,sadness
2011,neutral
2012,sadness
2013,neutral
2014,sadness
2015,neutral
2016,neutral
2017,neutral
2018,sadness
2019,sadness
2020,sadness
2021,sadness
2022,sadness
2023,sadness
2024,sadness
2025,sadness
2026,sadness
2027,sadness
2028,sadness
2029,sadness
2030,sadness
2031,sadness
2032,sadness
2033,sadness
2034,neutral
2035,sadness
2036,sadness
2037,sadness
2038,sadness
2039,sadness
2040,sadness
2041,sadness
2042,sadness
2043,sadness
2044,joy
2045,sadness
2046,sadness
2047,sadness
2048,neutral
2049,sadness
2050,sadness
2051,joy
2052,sadness
2053,disgust
2054,joy
2055,sadness
2056,sadness
2057,neutral
2058,neutral
2059,neutral
2060,sadness
2061,disgust
2062,sadness
2063,sadness
2064,joy
2065,sadness
2066,neutral
2067,sadness
2068,sadness
2069,sadness
2070,sadness
2071,sadness
2072,sadness
2073,sadness
2074,joy
2075,sadness
2076,sadness
2077,disgust
2078,anger
2079,sadness
2080,neutral
2081,sadness
2082,sadness
2083,sadness
2084,anger
2085,sadness
2086,sadness
2087,sadness
2088,sadness
2089,neutral
2090,surprise
2091,neutral
2092,sadness
2093,neutral
2094,sadness
2095,sadness
2096,sadness
2097,sadness
2098,sadness
2099,neutral
2100,neutral
2101,neutral
2102,sadness
2103,sadness
2104,non-neutral
2105,sadness
2106,sadness
2107,sadness
2108,fear
2109,sadness
2110,anger
2111,sadness
2112,anger
2113,sadness
2114,neutral
2115,sadness
2116,sadness
2117,sadness
2118,sadness
2119,anger
2120,joy
2121,sadness
2122,sadness
2123,fear
2124,sadness
2125,sadness
2126,surprise
2127,neutral
2128,sadness
2129,sadness
2130,sadness
2131,sadness
2132,sadness
2133,sadness
2134,sadness
2135,sadness
2136,sadness
2137,sadness
2138,sadness
2139,sadness
2140,sadness
2141,sadness
2142,sadness
2143,sadness
2144,neutral
2145,sadness
2146,sadness
2147,sadness
2148,sadness
2149,sadness
2150,sadness
2151,sadness
2152,sadness
2153,sadness
2154,sadness
2155,sadness
2156,sadness
2157,sadness
2158,joy
2159,sadness
2160,joy
2161,fear
2162,sadness
2163,sadness
2164,sadness
2165,sadness
2166,sadness
2167,sadness
2168,sadness
2169,neutral
2170,sadness
2171,sadness
2172,sadness
2173,sadness
2174,sadness
2175,sadness
2176,sadness
2177,surprise
2178,sadness
2179,joy
2180,sadness
2181,sadness
2182,neutral
2183,fear
2184,anger
2185,sadness
2186,neutral
2187,sadness
2188,sadness
2189,sadness
2190,sadness
2191,sadness
2192,sadness
2193,sadness
2194,sadness
2195,sadness
2196,sadness
2197,anger
2198,sadness
2199,sadness
2200,sadness
2201,sadness
2202,sadness
2203,sadness
2204,sadness
2205,sadness
2206,sadness
2207,sadness
2208,sadness
2209,sadness
2210,sadness
2211,sadness
2212,sadness
2213,sadness
2214,sadness
2215,sadness
2216,sadness
2217,sadness
2218,neutral
2219,sadness
2220,sadness
2221,sadness
2222,sadness
2223,sadness
2224,sadness
2225,sadness
2226,sadness
2227,sadness
2228,sadness
2229,sadness
2230,sadness
2231,sadness
2232,sadness
2233,sadness
2234,neutral
2235,sadness
2236,sadness
2237,joy
2238,sadness
2239,neutral
2240,sadness
2241,sadness
2242,sadness
2243,sadness
2244,sadness
2245,sadness
2246,sadness
2247,sadness
2248,sadness
2249,sadness
2250,joy
2251,sadness
2252,joy
2253,sadness
2254,sadness
2255,sadness
2256,sadness
2257,sadness
2258,sadness
2259,sadness
2260,sadness
2261,sadness
2262,sadness
2263,sadness
2264,sadness
2265,sadness
2266,anger
2267,sadness
2268,sadness
2269,sadness
2270,anger
2271,sadness
2272,sadness
2273,anger
2274,joy
2275,anger
2276,sadness
2277,sadness
2278,sadness
2279,sadness
2280,anger
2281,sadness
2282,sadness
2283,sadness
2284,sadness
2285,neutral
2286,sadness
2287,sadness
2288,neutral
2289,neutral
2290,sadness
2291,sadness
2292,sadness
2293,sadness
2294,sadness
2295,sadness
2296,sadness
2297,sadness
2298,sadness
2299,sadness
2300,sadness
2301,sadness
2302,sadness
2303,sadness
2304,sadness
2305,anger
2306,sadness
2307,sadness
2308,sadness
2309,sadness
2310,sadness
2311,sadness
2312,sadness
2313,sadness
2314,sadness
2315,joy
2316,sadness
2317,sadness
2318,anger
2319,sadness
2320,sadness
2321,sadness
2322,sadness
2323,sadness
2324,sadness
2325,sadness
2326,sadness
2327,sadness
2328,sadness
2329,sadness
2330,sadness
2331,sadness
2332,sadness
2333,sadness
2334,sadness
2335,sadness
2336,anger
2337,sadness
2338,sadness
2339,sadness
2340,sadness
2341,sadness
2342,sadness
2343,sadness
2344,joy
2345,sadness
2346,sadness
2347,neutral
2348,sadness
2349,sadness
2350,sadness
2351,sadness
2352,sadness
2353,neutral
2354,sadness
2355,sadness
2356,anger
2357,sadness
2358,anger
2359,neutral
2360,sadness
2361,neutral
2362,sadness
2363,sadness
2364,sadness
2365,sadness
2366,sadness
2367,sadness
2368,neutral
2369,joy
2370,sadness
2371,sadness
2372,sadness
2373,sadness
2374,neutral
2375,neutral
2376,neutral
2377,sadness
2378,sadness
2379,sadness
2380,joy
2381,joy
2382,joy
2383,sadness
2384,sadness
2385,sadness
2386,sadness
2387,sadness
2388,neutral
2389,sadness
2390,surprise
2391,sadness
2392,disgust
2393,surprise
2394,sadness
2395,joy
2396,sadness
2397,sadness
2398,sadness
2399,sadness
2400,sadness
2401,sadness
2402,sadness
2403,neutral
2404,sadness
2405,sadness
2406,sadness
2407,sadness
2408,joy
2409,sadness
2410,sadness
2411,sadness
2412,surprise
2413,sadness
2414,sadness
2415,joy
2416,sadness
2417,fear
2418,anger
2419,sadness
2420,sadness
2421,sadness
2422,sadness
2423,sadness
2424,sadness
2425,fear
2426,sadness
2427,sadness
2428,sadness
2429,sadness
2430,sadness
2431,sadness
2432,sadness
2433,sadness
2434,anger
2435,sadness
2436,non-neutral
2437,sadness
2438,sadness
2439,sadness
2440,sadness
2441,sadness
2442,sadness
2443,neutral
2444,sadness
2445,anger
2446,sadness
2447,sadness
2448,neutral
2449,sadness
2450,joy
2451,neutral
2452,joy
2453,sadness
2454,sadness
2455,sadness
2456,sadness
2457,sadness
2458,sadness
2459,sadness
2460,sadness
2461,sadness
2462,sadness
2463,sadness
2464,sadness
2465,sadness
2466,sadness
2467,sadness
2468,sadness
2469,sadness
2470,sadness
2471,sadness
2472,sadness
2473,neutral
2474,fear
2475,sadness
2476,sadness
2477,sadness
2478,sadness
2479,sadness
2480,sadness
2481,sadness
2482,sadness
2483,sadness
2484,sadness
2485,sadness
2486,sadness
2487,sadness
2488,sadness
2489,anger
2490,sadness
2491,sadness
2492,sadness
2493,sadness
2494,sadness
2495,joy
2496,neutral
2497,sadness
2498,sadness
2499,sadness
2500,sadness
2501,sadness
2502,sadness
2503,sadness
2504,sadness
2505,sadness
2506,sadness
2507,sadness
2508,sadness
2509,neutral
2510,sadness
2511,sadness
2512,neutral
2513,sadness
2514,sadness
2515,sadness
2516,sadness
2517,sadness
2518,sadness
2519,sadness
2520,sadness
2521,anger
2522,sadness
2523,sadness
2524,sadness
2525,sadness
2526,sadness
2527,joy
2528,surprise
2529,joy
2530,sadness
2531,fear
2532,sadness
2533,sadness
2534,anger
2535,sadness
2536,sadness
2537,sadness
2538,sadness
2539,sadness
2540,sadness
2541,sadness
2542,sadness
2543,sadness
2544,sadness
2545,sadness
2546,sadness
2547,disgust
2548,sadness
2549,neutral
2550,joy
2551,sadness
2552,joy
2553,sadness
2554,disgust
2555,sadness
2556,sadness
2557,sadness
2558,sadness
2559,sadness
2560,sadness
2561,sadness
2562,sadness
2563,sadness
2564,neutral
2565,sadness
2566,sadness
2567,sadness
2568,neutral
2569,sadness
2570,sadness
2571,sadness
2572,sadness
2573,sadness
2574,sadness
2575,sadness
2576,sadness
2577,sadness
2578,neutral
2579,anger
2580,sadness
2581,sadness
2582,sadness
2583,sadness
2584,sadness
2585,sadness
2586,neutral
2587,sadness
2588,sadness
2589,sadness
2590,neutral
2591,sadness
2592,neutral
2593,sadness
2594,anger
2595,neutral
2596,sadness
2597,sadness
2598,neutral
2599,neutral
2600,sadness
2601,sadness
2602,sadness
2603,sadness
2604,sadness
2605,sadness
2606,sadness
2607,sadness
2608,sadness
2609,sadness
2610,anger
2611,neutral
2612,sadness
2613,sadness
2614,sadness
2615,sadness
2616,joy
2617,sadness
2618,sadness
2619,neutral
2620,sadness
2621,sadness
2622,sadness
2623,anger
2624,sadness
2625,neutral
2626,sadness
2627,neutral
2628,neutral
2629,sadness
2630,sadness
2631,anger
2632,sadness
2633,sadness
2634,sadness
2635,sadness
2636,neutral
2637,sadness
2638,sadness
2639,sadness
2640,sadness
2641,sadness
2642,sadness
2643,sadness
2644,surprise
2645,neutral
2646,sadness
2647,sadness
2648,sadness
2649,sadness
2650,neutral
2651,sadness
2652,sadness
2653,sadness
2654,sadness
2655,neutral
2656,neutral
2657,sadness
2658,sadness
2659,non-neutral
2660,neutral
2661,sadness
2662,sadness
2663,sadness
2664,sadness
2665,sadness
2666,sadness
2667,sadness
2668,sadness
2669,neutral
2670,sadness
2671,sadness
2672,sadness
2673,sadness
2674,sadness
2675,sadness
2676,anger
2677,sadness
2678,sadness
2679,neutral
2680,sadness
2681,neutral
2682,sadness
2683,sadness
2684,sadness
2685,sadness
2686,sadness
2687,sadness
2688,sadness
2689,sadness
2690,sadness
2691,joy
2692,sadness
2693,sadness
2694,sadness
2695,joy
2696,anger
2697,neutral
2698,sadness
2699,anger
2700,anger
2701,sadness
2702,sadness
2703,sadness
2704,sadness
2705,sadness
2706,joy
2707,sadness
2708,sadness
2709,sadness
2710,sadness
2711,joy
2712,neutral
2713,sadness
2714,sadness
2715,sadness
2716,sadness
2717,sadness
2718,sadness
2719,sadness
2720,sadness
2721,sadness
2722,sadness
2723,sadness
2724,neutral
2725,sadness
2726,sadness
2727,sadness
2728,sadness
2729,sadness
2730,sadness
2731,sadness
2732,neutral
2733,sadness
2734,sadness
2735,sadness
2736,sadness
2737,sadness
2738,sadness
2739,sadness
2740,sadness
2741,sadness
2742,sadness
2743,fear
2744,fear
2745,sadness
2746,sadness
2747,sadness
2748,sadness
2749,sadness
2750,sadness
2751,sadness
2752,sadness
2753,anger
2754,sadness
2755,sadness
2756,anger
2757,sadness
2758,sadness
2759,sadness
2760,sadness
2761,anger
2762,joy
2763,sadness
2764,sadness
2765,neutral
2766,sadness
2767,sadness
2768,joy
2769,joy
2770,sadness
2771,sadness
2772,surprise
2773,sadness
2774,joy
2775,sadness
2776,sadness
2777,sadness
2778,sadness
2779,sadness
2780,sadness
2781,joy
2782,sadness
2783,sadness
2784,sadness
2785,sadness
2786,neutral
2787,disgust
2788,sadness
2789,surprise
2790,neutral
2791,anger
2792,sadness
2793,neutral
2794,sadness
2795,neutral
2796,fear
2797,sadness
2798,anger
2799,sadness
2800,sadness
2801,sadness
2802,sadness
2803,sadness
2804,sadness
2805,sadness
2806,sadness
2807,neutral
2808,sadness
2809,sadness
2810,sadness
2811,sadness
2812,neutral
2813,sadness
2814,sadness
2815,fear
2816,sadness
2817,sadness
2818,sadness
2819,sadness
2820,sadness
2821,sadness
2822,sadness
2823,sadness
2824,sadness
2825,sadness
2826,sadness
2827,sadness
2828,sadness
2829,neutral
2830,sadness
2831,sadness
2832,sadness
2833,sadness
2834,joy
2835,sadness
2836,sadness
2837,anger
2838,sadness
2839,sadness
2840,sadness
2841,sadness
2842,joy
2843,sadness
2844,sadness
2845,sadness
2846,sadness
2847,sadness
2848,sadness
2849,anger
2850,neutral
2851,anger
2852,sadness
2853,sadness
2854,sadness
2855,sadness
2856,sadness
2857,sadness
2858,sadness
2859,sadness
2860,sadness
2861,sadness
2862,joy
2863,sadness
2864,sadness
2865,sadness
2866,sadness
2867,sadness
2868,sadness
2869,sadness
2870,sadness
2871,sadness
2872,sadness
2873,sadness
2874,sadness
2875,joy
2876,surprise
2877,sadness
2878,sadness
2879,sadness
2880,sadness
2881,sadness
2882,sadness
2883,sadness
2884,sadness
2885,sadness
2886,sadness
2887,sadness
2888,fear
2889,sadness
2890,sadness
2891,sadness
2892,sadness
2893,neutral
2894,sadness
2895,sadness
2896,sadness
2897,sadness
2898,anger
2899,neutral
2900,sadness
2901,sadness
2902,anger
2903,sadness
2904,sadness
2905,sadness
2906,sadness
2907,joy
2908,sadness
2909,sadness
2910,sadness
2911,sadness
2912,sadness
2913,sadness
2914,sadness
2915,sadness
2916,sadness
2917,sadness
2918,anger
2919,sadness
2920,sadness
2921,sadness
2922,sadness
2923,neutral
2924,sadness
2925,sadness
2926,sadness
2927,sadness
2928,anger
2929,sadness
2930,sadness
2931,sadness
2932,sadness
2933,neutral
2934,sadness
2935,sadness
2936,sadness
2937,sadness
2938,neutral
2939,sadness
2940,sadness
2941,neutral
2942,sadness
2943,sadness
2944,neutral
2945,sadness
2946,sadness
2947,sadness
2948,sadness
2949,anger
2950,sadness
2951,sadness
2952,sadness
2953,sadness
2954,neutral
2955,sadness
2956,anger
2957,sadness
2958,sadness
2959,sadness
2960,anger
2961,sadness
2962,sadness
2963,sadness
2964,sadness
2965,sadness
2966,sadness
2967,joy
2968,joy
2969,sadness
2970,sadness
2971,anger
2972,sadness
2973,sadness
2974,sadness
2975,sadness
2976,sadness
2977,joy
2978,sadness
2979,sadness
2980,sadness
2981,anger
2982,sadness
2983,sadness
2984,sadness
2985,sadness
2986,sadness
2987,sadness
2988,sadness
2989,sadness
2990,joy
2991,sadness
2992,sadness
2993,sadness
2994,sadness
2995,joy
2996,sadness
2997,sadness
2998,sadness
2999,sadness
3000,sadness
3001,sadness
3002,sadness
3003,surprise
3004,sadness
3005,sadness
3006,sadness
3007,surprise
3008,sadness
3009,sadness
3010,sadness
3011,sadness
3012,sadness
3013,sadness
3014,sadness
3015,sadness
3016,sadness
3017,sadness
3018,neutral
3019,sadness
3020,sadness
3021,sadness
3022,anger
3023,sadness
3024,sadness
3025,sadness
3026,sadness
3027,sadness
3028,sadness
3029,sadness
3030,sadness
3031,sadness
3032,sadness
3033,sadness
3034,sadness
3035,sadness
3036,sadness
3037,sadness
3038,sadness
3039,anger
3040,sadness
3041,sadness
3042,sadness
3043,sadness
3044,sadness
3045,sadness
3046,sadness
3047,sadness
3048,sadness
3049,neutral
3050,sadness
3051,neutral
3052,joy
3053,sadness
3054,anger
3055,sadness
3056,sadness
3057,joy
3058,sadness
3059,joy
3060,anger
3061,neutral
3062,sadness
3063,sadness
3064,sadness
3065,sadness
3066,anger
3067,anger
3068,sadness
3069,sadness
3070,sadness
3071,sadness
3072,sadness
3073,neutral
3074,sadness
3075,sadness
3076,sadness
3077,sadness
3078,sadness
3079,neutral
3080,sadness
3081,sadness
3082,sadness
3083,sadness
3084,sadness
3085,sadness
3086,sadness
3087,sadness
3088,sadness
3089,sadness
3090,neutral
3091,anger
3092,anger
3093,sadness
3094,sadness
3095,anger
3096,sadness
3097,neutral
3098,sadness
3099,joy
3100,sadness
3101,sadness
3102,sadness
3103,sadness
3104,sadness
3105,sadness
3106,sadness
3107,joy
3108,sadness
3109,sadness
3110,anger
3111,sadness
3112,fear
3113,sadness
3114,sadness
3115,sadness
3116,sadness
3117,sadness
3118,sadness
3119,sadness
3120,sadness
3121,neutral
3122,sadness
3123,joy
3124,neutral
3125,sadness
3126,joy
3127,sadness
3128,sadness
3129,sadness
3130,neutral
3131,sadness
3132,sadness
3133,sadness
3134,sadness
3135,neutral
3136,sadness
3137,sadness
3138,sadness
3139,sadness
3140,sadness
3141,sadness
3142,sadness
3143,sadness
3144,neutral
3145,sadness
3146,sadness
3147,sadness
3148,neutral
3149,neutral
3150,sadness
3151,neutral
3152,anger
3153,sadness
3154,sadness
3155,sadness
3156,sadness
3157,sadness
3158,sadness
3159,sadness
3160,neutral
3161,sadness
3162,sadness
3163,neutral
3164,sadness
3165,joy
3166,neutral
3167,sadness
3168,joy
3169,sadness
3170,sadness
3171,sadness
3172,sadness
3173,neutral
3174,anger
3175,joy
3176,neutral
3177,surprise
3178,sadness
3179,sadness
3180,sadness
3181,sadness
3182,sadness
3183,sadness
3184,sadness
3185,sadness
3186,sadness
3187,sadness
3188,sadness
3189,sadness
3190,sadness
3191,sadness
3192,sadness
3193,joy
3194,sadness
3195,sadness
3196,joy
3197,anger
3198,sadness
3199,neutral
3200,joy
3201,sadness
3202,sadness
3203,sadness
3204,joy
3205,neutral
3206,joy
3207,sadness
3208,neutral
3209,sadness
3210,sadness
3211,anger
3212,sadness
3213,anger
3214,sadness
3215,anger
3216,sadness
3217,sadness
3218,sadness
3219,anger
3220,sadness
3221,sadness
3222,sadness
3223,sadness
3224,sadness
3225,sadness
3226,sadness
3227,sadness
3228,sadness
3229,sadness
3230,fear
3231,sadness
3232,anger
3233,anger
3234,sadness
3235,sadness
3236,sadness
3237,sadness
3238,sadness
3239,sadness
3240,neutral
3241,sadness
3242,sadness
3243,sadness
3244,sadness
3245,neutral
3246,sadness
3247,sadness
3248,sadness
3249,sadness
3250,neutral
3251,sadness
3252,sadness
3253,sadness
3254,neutral
3255,sadness
3256,sadness
3257,sadness
3258,sadness
3259,sadness
3260,joy
3261,sadness
3262,sadness
3263,sadness
3264,sadness
3265,sadness
3266,sadness
3267,sadness
3268,sadness
3269,sadness
3270,joy
3271,sadness
3272,sadness
3273,joy
3274,sadness
3275,sadness
3276,sadness
3277,sadness
3278,sadness
3279,fear
3280,anger
3281,sadness
3282,neutral
3283,neutral
3284,disgust
3285,sadness
3286,sadness
3287,sadness
3288,neutral
3289,sadness
3290,sadness
3291,sadness
3292,sadness
3293,sadness
3294,sadness
3295,sadness
